[
  {
    "value": "Arbor Lodge",
    "synonyms": [
      "Arbor Lodge"
    ]
  },
  {
    "value": "North Interstate",
    "synonyms": [
      "Interstate"
    ]
  },
  {
    "value": "Goose Hollow",
    "synonyms": [
      "Goose Hollow"
    ]
  },
  {
    "value": "Pearl District",
    "synonyms": [
      "Pearl District",
      "The Pearl"
    ]
  },
  {
    "value": "Downtown",
    "synonyms": [
      "Downtown"
    ]
  },
  {
    "value": "Portland State University",
    "synonyms": [
      "Portland State University",
      "PSU"
    ]
  },
  {
    "value": "Old Town",
    "synonyms": [
      "Old Town",
      "Chinatown"
    ]
  },
  {
    "value": "Clackamas",
    "synonyms": [
      "Clackamas"
    ]
  },
  {
    "value": "Beaverton",
    "synonyms": [
      "Beaverton"
    ]
  },
  {
    "value": "Tualitin",
    "synonyms": [
      "Tualitin"
    ]
  },
  {
    "value": "Tigard",
    "synonyms": [
      "Tigard"
    ]
  }
]